fincode,rv_sect_name,compname,classification
100002,Capital Goods,ABB India Ltd.,L
100003,Logistics,Aegis Logistics Ltd.,S
100008,Automobile and Ancillaries,Amara Raja Energy & Mobility Ltd.,S
100020,Textile,Bombay Dyeing And Manufacturing Company Ltd.,S
100032,FMCG,Bajaj Hindusthan Sugar Ltd.,S
100034,Financials,Bajaj Finance Ltd.,L
100038,FMCG,Balrampur Chini Mills Ltd.,S
100040,Diversified,Century Textiles & Industries Ltd.,S
100048,Logistics,BEML Ltd.,S
100049,Capital Goods,Bharat Electronics Ltd.,L
100052,Chemicals,Bhansali Engineering Polymers Ltd.,S
100086,Automobile and Ancillaries,Exide Industries Ltd.,M
100092,Miscellaneous,CRISIL Ltd.,M
100093,Capital Goods,CG Power and Industrial Solutions Ltd.,M
100096,FMCG,Dabur India Ltd.,L
100097,FMCG,Dalmia Bharat Sugar And Industries Ltd.,S
100101,Textile,Arvind Ltd.,S
100103,Capital Goods,Bharat Heavy Electricals Ltd.,M
100104,Energy,Hindustan Petroleum Corporation Ltd.,M
100106,Financials,IFCI Ltd.,S
100109,Energy,Mangalore Refinery And Petrochemicals Ltd.,S
100110,Energy,Chennai Petroleum Corporation Ltd.,S
100113,Metals,Steel Authority Of India Ltd.,M
100116,Financials,IDBI Bank Ltd.,L
100123,Chemicals,Elantas Beck India Ltd.,S
100124,Healthcare,Dr. Reddy's Laboratories Ltd.,L
100125,FMCG,E.I.D. - Parry (India) Ltd.,S
100126,Healthcare,Procter & Gamble Health Ltd.,S
100128,Automobile and Ancillaries,Electrosteel Castings Ltd.,S
100148,FMCG,Uflex Ltd.,S
100150,Chemicals,Foseco India Ltd.,S
100163,FMCG,Godfrey Phillips India Ltd.,S
100164,Chemicals,Godrej Industries Ltd.,S
100168,Automobile and Ancillaries,Goodyear India Ltd.,S
100182,Automobile and Ancillaries,Hero MotoCorp Ltd.,M
100183,Media and Communications,HFCL Ltd.,S
100184,Chemicals,Himadri Speciality Chemical Ltd.,S
100185,Infrastructure,Hindustan Construction Company Ltd.,S
100201,Chemicals,India Glycols Ltd.,S
100209,Technology,Infosys Ltd.,L
100214,Capital Goods,Ion Exchange (India) Ltd.,S
100215,FMCG,Agro Tech Foods Ltd.,S
100219,Consumer Durables,Jain Irrigation Systems Ltd.,S
100227,Consumer Durables,Jindal Poly Films Ltd.,S
100228,Metals,JSW Steel Ltd.,L
100233,Construction,Kajaria Ceramics Ltd.,S
100238,Consumer Durables,Whirlpool Of India Ltd.,S
100241,Capital Goods,Kirloskar Brothers Ltd.,S
100245,Automobile and Ancillaries,Kirloskar Ferrous Industries Ltd.,S
100247,Financials,Kotak Mahindra Bank Ltd.,L
100250,Automobile and Ancillaries,LG Balakrishnan & Bros Ltd.,S
100251,Retail and Other Services,Trent Ltd.,L
100252,Textile,Lakshmi Machine Works Ltd.,S
100253,Financials,LIC Housing Finance Ltd.,M
100257,Healthcare,Lupin Ltd.,M
100260,Construction,The Ramco Cements Ltd.,M
100265,Metals,Maharashtra Seamless Ltd.,S
100266,Automobile and Ancillaries,Maharashtra Scooters Ltd.,S
100271,Financials,Max Financial Services Ltd.,M
100280,Textile,Century Enka Ltd.,S
100288,Healthcare,Morepen Laboratories Ltd.,S
100290,Automobile and Ancillaries,MRF Ltd.,M
100292,Construction,Heidelberg Cement India Ltd.,S
100294,Infrastructure,NCC Ltd.,S
100295,Metals,Vedanta Ltd.,L
100300,Diversified,Grasim Industries Ltd.,L
100302,Financials,Piramal Enterprises Ltd.,M
100325,Energy,Reliance Industries Ltd.,L
100330,Textile,Raymond Ltd.,S
100331,Chemicals,Pidilite Industries Ltd.,L
100333,Automobile and Ancillaries,Pix Transmissions Ltd.,S
100335,Diversified,Birla Corporation Ltd.,S
100336,Diversified,Surya Roshni Ltd.,S
100338,Construction,Prism Johnson Ltd.,S
100339,Energy,Rain Industries Ltd.,S
100378,Metals,Jindal Saw Ltd.,S
100380,Construction,JK Lakshmi Cement Ltd.,S
100390,Energy,Reliance Infrastructure Ltd.,S
100400,Energy,Tata Power Company Ltd.,L
100403,Automobile and Ancillaries,Sundram Fasteners Ltd.,M
100404,Metals,Sunflag Iron And Steel Company Ltd.,S
100407,Automobile and Ancillaries,Swaraj Engines Ltd.,S
100408,Technology,Tata Elxsi Ltd.,M
100410,Construction,ACC Ltd.,M
100412,Chemicals,Thirumalai Chemicals Ltd.,S
100413,Travel,Thomas Cook (India) Ltd.,S
100425,Construction,Ambuja Cements Ltd.,L
100440,Metals,Hindalco Industries Ltd.,L
100460,Metals,Mukand Ltd.,S
100470,Metals,Tata Steel Ltd.,L
100480,Automobile and Ancillaries,Cummins India Ltd.,M
100490,Financials,Bajaj Holdings & Investment Ltd.,L
100495,Automobile and Ancillaries,Escorts Kubota Ltd.,M
100510,Infrastructure,Larsen & Toubro Ltd.,L
100530,Automobile and Ancillaries,Bosch Ltd.,M
100550,Capital Goods,Siemens Ltd.,L
100570,Automobile and Ancillaries,Tata Motors Ltd.,L
100575,Consumer Durables,Voltas Ltd.,M
100620,Logistics,The Great Eastern Shipping Company Ltd.,S
100645,Chemicals,Deepak Fertilisers And Petrochemicals Corporation Ltd.,S
100655,Consumer Durables,Garware Hi-Tech Films Ltd.,S
100672,Miscellaneous,Novartis India Ltd.,S
100674,Healthcare,Sanofi India Ltd.,S
100680,Healthcare,Pfizer Ltd.,S
100690,Chemicals,Gujarat State Fertilizers & Chemicals Ltd.,S
100696,FMCG,Hindustan Unilever Ltd.,L
100790,FMCG,Nestle India Ltd.,L
100800,FMCG,Tata Consumer Products Ltd.,L
100840,Travel,EIH Ltd.,S
100875,FMCG,ITC Ltd.,L
100877,Automobile and Ancillaries,Apollo Tyres Ltd.,M
100878,Automobile and Ancillaries,Ceat Ltd.,S
101301,Financials,Tata Investment Corporation Ltd.,S
101423,Consumer Durables,Shaily Engineering Plastics Ltd.,S
101425,FMCG,Bombay Burmah Trading Corporation Ltd.,S
101455,Automobile and Ancillaries,Greaves Cotton Ltd.,S
102219,Construction,Borosil Renewables Ltd.,S
102330,FMCG,Andhra Paper Ltd.,S
102355,Automobile and Ancillaries,Balkrishna Industries Ltd.,M
102986,Textile,Vardhman Textiles Ltd.,S
103310,Textile,Swan Energy Ltd.,S
103806,Chemicals,SRF Ltd.,L
103960,Capital Goods,Bharat Bijlee Ltd.,S
104212,Capital Goods,Universal Cables Ltd.,S
104614,Metals,Sarda Energy & Minerals Ltd.,S
104966,Metals,Tinplate Company Of India Ltd.,S
104973,Financials,Cholamandalam Financial Holdings Ltd.,S
105200,Automobile and Ancillaries,Eicher Motors Ltd.,L
105255,Capital Goods,GMM Pfaudler Ltd.,S
105283,Capital Goods,Kirloskar Pneumatic Company Ltd.,S
105509,Consumer Durables,Responsive Industries Ltd.,S
105533,Retail and Other Services,Westlife Foodworld Ltd,S
105537,Media and Communications,Zee Entertainment Enterprises Ltd.,M
105714,Automobile and Ancillaries,Gabriel India Ltd.,S
105790,Automobile and Ancillaries,Schaeffler India Ltd.,M
105890,Capital Goods,Kennametal India Ltd.,S
106076,Capital Goods,Grindwell Norton Ltd.,M
106197,Healthcare,Bliss GVS Pharma Ltd.,S
106222,Chemicals,Styrenix Performance Materials Ltd.,S
106355,Chemicals,Chemplast Sanmar Ltd.,S
106401,Chemicals,Deepak Nitrite Ltd.,M
106590,Chemicals,PCBL Ltd.,S
106690,Healthcare,Unichem Laboratories Ltd.,S
106767,Chemicals,Alkyl Amines Chemicals Ltd.,S
106820,Healthcare,Astrazeneca Pharma India Ltd.,S
106879,Healthcare,Gujarat Themis Biosyn Ltd.,S
107205,FMCG,Tilaknagar Industries Ltd.,S
107685,Technology,Wipro Ltd.,L
107717,Chemicals,Dhanuka Agritech Ltd.,S
107815,FMCG,Gillette India Ltd.,S
108814,Consumer Durables,Cosmo First Ltd.,S
108869,Healthcare,Apollo Hospitals Enterprise Ltd.,L
108989,Media and Communications,Navneet Education Ltd.,S
109243,Automobile and Ancillaries,TVS Srichakra Ltd.,S
109488,Capital Goods,Graphite India Ltd.,S
109496,Infrastructure,ITD Cementation India Ltd.,S
109557,Textile,Garware Technical Fibres Ltd.,S
109631,Capital Goods,HEG Ltd.,S
109675,Construction,HIL Ltd.,S
109820,Consumer Durables,Huhtamaki India Ltd.,S
109966,FMCG,VST Industries Ltd.,S
111034,Energy,Jindal Drilling & Industries Ltd.,S
111196,Financials,Can Fin Homes Ltd.,S
112070,Chemicals,UPL Ltd.,M
112179,Construction,Sunteck Realty Ltd.,S
112237,Consumer Durables,Jai Corp Ltd.,S
112455,Metals,Lloyds Metals & Energy Ltd.,M
112529,Healthcare,Sequent Scientific Ltd.,S
112599,Miscellaneous,Adani Enterprises Ltd.,L
113097,Metals,Shivalik Bimetal Controls Ltd.,S
113262,Automobile and Ancillaries,Steel Strips Wheels Ltd.,S
113375,Capital Goods,Carborundum Universal Ltd.,S
113377,Miscellaneous,MMTC Ltd.,S
113599,Metals,Hindustan Copper Ltd.,S
113683,Energy,NLC India Ltd.,S
114167,Textile,Ganesha Ecosphere Ltd.,S
115030,Construction,Asahi India Glass Ltd.,S
115055,Construction,Anant Raj Ltd.,S
116072,Chemicals,Vishnu Chemicals Ltd.,S
117146,Metals,Usha Martin Ltd.,S
117206,Automobile and Ancillaries,Lumax Industries Ltd.,S
117271,Automobile and Ancillaries,HBL Power Systems Ltd.,S
117354,Capital Goods,Havells India Ltd.,L
117506,Consumer Durables,TTK Prestige Ltd.,S
117522,Automobile and Ancillaries,Rajratan Global Wire Ltd.,S
119126,FMCG,Hindustan Foods Ltd.,S
119600,FMCG,CCL Products (India) Ltd.,S
120057,Automobile and Ancillaries,JTEKT India Ltd.,S
121016,Textile,Indo Count Industries Ltd.,S
121064,Textile,Trident Ltd.,S
121070,Textile,Alok Industries Ltd.,S
122034,Automobile and Ancillaries,Shanthi Gears Ltd.,S
122064,Capital Goods,Honda India Power Products Ltd.,S
122074,Capital Goods,Elgi Equipments Ltd.,S
122113,Automobile and Ancillaries,Timken India Ltd.,M
122205,Capital Goods,Praj Industries Ltd.,S
122215,Capital Goods,HLE Glascoat Ltd.,S
122287,Infrastructure,Kalpataru Projects International Ltd.,S
123025,FMCG,Safari Industries (India) Ltd.,S
123261,FMCG,Venky'S (India) Ltd.,S
123301,FMCG,TCPL Packaging Ltd.,S
123319,Diversified,Balmer Lawrie & Company Ltd.,S
123367,Diversified,DCM Shriram Ltd.,S
123395,Diversified,3M India Ltd.,M
123596,Infrastructure,Ircon International Ltd.,S
123598,Logistics,Shipping Corporation Of India Ltd.,S
123610,Media and Communications,ITI Ltd.,S
123630,Chemicals,National Fertilizers Ltd.,S
123694,Automobile and Ancillaries,Apcotex Industries Ltd.,S
123704,Technology,Mastek Ltd.,S
124000,Financials,Poonawalla Fincorp Ltd.,M
124051,Consumer Durables,Polyplex Corporation Ltd.,S
124091,FMCG,Carysil Ltd.,S
124164,Healthcare,IOL Chemicals And Pharmaceuticals Ltd.,S
124208,Chemicals,Aarti Industries Ltd.,S
124226,FMCG,Gujarat Ambuja Exports Ltd.,S
124230,Chemicals,Rashtriya Chemicals and Fertilizers Ltd.,S
124348,Healthcare,Aarti Drugs Ltd.,S
124372,Healthcare,Orchid Pharma Ltd.,S
124404,Healthcare,Marksans Pharma Ltd.,S
124470,Healthcare,Syncom Formulations (India) Ltd.,S
124520,Healthcare,KMC Speciality Hospitals (India) Ltd.,S
124558,Healthcare,Neuland Laboratories Ltd.,S
124735,Healthcare,Hikal Ltd.,S
124804,Healthcare,Aurobindo Pharma Ltd.,M
126247,Chemicals,Premier Explosives Ltd.,S
126299,Technology,Mphasis Ltd.,M
126367,Construction,Ganesh Housing Corporation Ltd.,S
126829,Energy,Confidence Petroleum India Ltd.,S
126951,Construction,Stylam Industries Ltd.,S
130001,Chemicals,Gujarat Alkalies And Chemicals Ltd.,S
130005,Construction,The India Cements Ltd.,S
130007,Automobile and Ancillaries,JK Tyre & Industries Ltd.,S
130019,Healthcare,Jubilant Pharmova Ltd.,S
130117,Chemicals,Privi Speciality Chemicals Ltd.,S
130135,Miscellaneous,Optiemus Infracom Ltd.,S
130199,Healthcare,Themis Medicare Ltd.,S
130239,Healthcare,Suven Life Sciences Ltd.,S
130343,Capital Goods,Genus Power Infrastructures Ltd.,S
130367,Automobile and Ancillaries,NRB Bearings Ltd.,S
130517,FMCG,Relaxo Footwears Ltd.,M
130549,Healthcare,Shilpa Medicare Ltd.,S
130813,FMCG,KRBL Ltd.,S
130999,Chemicals,Balaji Amines Ltd.,S
131146,Healthcare,Medicamen Biotech Ltd.,S
131147,Automobile and Ancillaries,Alicon Castalloy Ltd.,S
131209,Technology,Nucleus Software Exports Ltd.,S
131335,FMCG,Zydus Wellness Ltd.,S
131344,Logistics,Container Corporation Of India Ltd.,M
131358,Financials,Choice International Ltd.,S
131426,FMCG,Tamil Nadu Newsprint & Papers Ltd.,S
131500,Retail and Other Services,Rajesh Exports Ltd.,S
131508,Automobile and Ancillaries,Eveready Industries India Ltd.,S
131531,FMCG,Hatsun Agro Product Ltd.,M
131543,Textile,Jindal Worldwide Ltd.,S
131548,Construction,Somany Ceramics Ltd.,S
131595,Financials,Capri Global Capital Ltd.,S
131761,Consumer Durables,Apollo Pipes Ltd.,S
131768,Healthcare,Poly Medicure Ltd.,S
132144,Metals,Welspun Corp Ltd.,S
132149,Financials,Bank Of India,M
132150,Healthcare,Indraprastha Medical Corporation Ltd.,S
132155,Energy,GAIL (India) Ltd.,L
132156,Retail and Other Services,Vaibhav Global Ltd.,S
132162,FMCG,JK Paper Ltd.,S
132163,Media and Communications,Saregama India Ltd.,S
132174,Financials,ICICI Bank Ltd.,L
132175,Technology,Cyient Ltd.,S
132181,Energy,Gujarat Mineral Development Corporation Ltd.,S
132209,Financials,The Jammu & Kashmir Bank Ltd.,S
132221,Technology,Sonata Software Ltd.,S
132234,Metals,National Aluminium Company Ltd.,S
132259,Capital Goods,Apar Industries Ltd.,S
132268,Technology,Accelya Solutions India Ltd.,S
132296,Healthcare,Glenmark Pharmaceuticals Ltd.,M
132300,Healthcare,Wockhardt Ltd.,S
132301,FMCG,Tata Coffee Ltd.,S
132321,Healthcare,Zydus Lifesciences Ltd.,M
132331,Healthcare,Ajanta Pharma Ltd.,M
132345,Logistics,Allcargo Gati Ltd.,S
132348,Technology,Subex Ltd.,S
132356,FMCG,Triveni Engineering & Industries Ltd.,S
132368,Technology,Brightcom Group Ltd.,S
132371,Media and Communications,Tata Teleservices (Maharashtra) Ltd.,S
132374,Capital Goods,Sterlite Technologies Ltd.,S
132375,Media and Communications,Tips Industries Ltd.,S
132388,Financials,Indian Overseas Bank,L
132424,FMCG,Godrej Consumer Products Ltd.,L
132432,FMCG,United Spirits Ltd.,L
132439,Automobile and Ancillaries,Olectra Greentech Ltd.,S
132440,Media and Communications,MPS Ltd.,S
132443,Construction,Cera Sanitaryware Ltd.,S
132461,Financials,Punjab National Bank,L
132466,Technology,Oracle Financial Services Software Ltd.,M
132477,Financials,Union Bank Of India,L
132478,FMCG,United Breweries Ltd.,M
132482,Healthcare,Granules India Ltd.,S
132483,Financials,Canara Bank,L
132493,Capital Goods,Astra Microwave Products Ltd.,S
132497,FMCG,Radico Khaitan Ltd.,S
132500,Automobile and Ancillaries,Maruti Suzuki India Ltd.,L
132509,Automobile and Ancillaries,Suprajit Engineering Ltd.,S
132522,Energy,Petronet LNG Ltd.,M
132523,Healthcare,Biocon Ltd.,M
132524,Energy,PTC India Ltd.,S
132525,Financials,Bank Of Maharashtra,M
132528,Technology,Datamatics Global Services Ltd.,S
132532,Infrastructure,Jaiprakash Associates Ltd.,S
132540,Technology,Tata Consultancy Services Ltd.,L
132548,Construction,Century Plyboards (India) Ltd.,S
132553,Construction,Welspun Enterprises Ltd.,S
132605,Automobile and Ancillaries,JBM Auto Ltd.,S
132610,FMCG,Dwarikesh Sugar Industries Ltd.,S
132612,Healthcare,Indoco Remedies Ltd.,S
132627,Energy,Jaiprakash Power Ventures Ltd.,S
132636,Financials,IIFL Finance Ltd.,M
132638,Retail and Other Services,Shoppers Stop Ltd.,S
132652,Financials,The Karnataka Bank Ltd.,S
132659,Financials,IDFC Ltd.,S
132670,FMCG,Shree Renuka Sugars Ltd.,S
132683,Automobile and Ancillaries,AIA Engineering Ltd.,M
132689,Media and Communications,PVR Inox Ltd.,S
132698,Textile,Nitin Spinners Ltd.,S
132702,Energy,Gujarat State Petronet Ltd.,S
132714,Infrastructure,KEC International Ltd.,S
132720,Financials,Mahindra & Mahindra Financial Services Ltd.,M
132732,Textile,Kewal Kiran Clothing Ltd.,S
132733,Media and Communications,Sun TV Network Ltd.,M
132734,Metals,Godawari Power And Ispat Ltd.,S
132749,Logistics,Allcargo Logistics Ltd.,S
132754,Infrastructure,GMR Airports Infrastructure Ltd.,M
132755,Technology,Tech Mahindra Ltd.,L
132756,Automobile and Ancillaries,CIE Automotive India Ltd.,S
132757,Capital Goods,Voltamp Transformers Ltd.,S
132762,Logistics,Action Construction Equipment Ltd.,S
132768,Automobile and Ancillaries,Fiem Industries Ltd.,S
132777,Technology,Info Edge (India) Ltd.,M
132779,Energy,Torrent Power Ltd.,M
132782,Textile,Sutlej Textiles And Industries Ltd.,S
132783,FMCG,LT Foods Ltd.,S
132784,Construction,Sobha Ltd.,S
132790,Technology,Tanla Platforms Ltd.,S
132796,Automobile and Ancillaries,Lumax Auto Technologies Ltd.,S
132798,Media and Communications,Network 18 Media & Investments Ltd.,S
132800,Media and Communications,TV18 Broadcast Ltd.,S
132804,Metals,Technocraft Industries (India) Ltd.,S
132805,Miscellaneous,Redington Ltd.,S
132809,Technology,Firstsource Solutions Ltd.,S
132814,Financials,Indian Bank,M
132822,Media and Communications,Vodafone Idea Ltd.,M
132830,Consumer Durables,Astral Ltd.,M
132832,Construction,Indiabulls Real Estate Ltd.,S
132834,Chemicals,Camlin Fine Sciences Ltd.,S
132835,Miscellaneous,ICRA Ltd.,S
132843,Healthcare,Fortis Healthcare Ltd.,M
132848,Miscellaneous,Delta Corp Ltd.,S
132856,Consumer Durables,Time Technoplast Ltd.,S
132859,Technology,Hinduja Global Solutions Ltd.,S
132868,Construction,DLF Ltd.,L
132872,Miscellaneous,Sun Pharma Advanced Research Company Ltd.,S
132892,Financials,Motilal Oswal Financial Services Ltd.,S
132898,Energy,Power Grid Corporation Of India Ltd.,L
132899,FMCG,Kaveri Seed Company Ltd.,S
132900,Financials,Paisalo Digital Ltd.,S
132922,Financials,Edelweiss Financial Services Ltd.,S
190003,Financials,Karur Vysya Bank Ltd.,S
190005,Automobile and Ancillaries,Tide Water Oil Company (India) Ltd.,S
190032,Technology,Zen Technologies Ltd.,S
190051,Technology,Saksoft Ltd.,S
190071,Financials,Sundaram Finance Ltd.,M
200009,Construction,Kolte-Patil Developers Ltd.,S
200017,Technology,eClerx Services Ltd.,S
200025,Infrastructure,ISGEC Heavy Engineering Ltd.,S
200039,Energy,Reliance Power Ltd.,S
200043,Infrastructure,J Kumar Infraprojects Ltd.,S
200047,FMCG,Globus Spirits Ltd.,S
200048,Infrastructure,IRB Infrastructure Developers Ltd.,S
200054,Capital Goods,V-Guard Industries Ltd.,S
200079,Chemicals,Kiri Industries Ltd.,S
200082,Travel,Mahindra Holidays & Resorts India Ltd.,S
200083,Infrastructure,Man InfraConstruction Ltd.,S
200091,Energy,Oil India Ltd.,M
200101,Financials,Dhani Services Ltd.,S
200132,Automobile and Ancillaries,Bajaj Auto Ltd.,L
200556,Metals,Maithan Alloys Ltd.,S
207673,FMCG,Adani Wilmar Ltd.,M
207877,Textile,Dollar Industries Ltd.,S
207901,Financials,BSE Ltd.,S
207945,Construction,Star Cement Ltd.,S
207950,Financials,Central Depository Services (India) Ltd.,S
208045,FMCG,Devyani International Ltd.,M
208196,Automobile and Ancillaries,Garden Reach Shipbuilders & Engineers Ltd.,S
208280,Financials,HDFC Asset Management Company Ltd.,M
208365,Financials,ICICI Securities Ltd.,S
208412,Travel,Indian Railway Catering And Tourism Corporation Ltd.,M
208414,Financials,Indian Renewable Energy Development Agency Ltd.,M
208461,Energy,JSW Energy Ltd.,M
208615,Chemicals,Laxmi Organic Industries Ltd.,S
208646,Miscellaneous,MSTC Ltd.,S
208690,Energy,MOIL Ltd.,S
208727,Retail and Other Services,Metro Brands Ltd.,M
208801,Construction,NBCC (India) Ltd.,S
208808,Technology,Protean e-Gov Technologies Ltd.,S
209037,Infrastructure,Rail Vikas Nigam Ltd.,M
209058,Infrastructure,Ramky Infrastructure Ltd.,S
209068,Financials,RBL Bank Ltd.,S
209089,Financials,Repco Home Finance Ltd.,S
209232,FMCG,Bikaji Foods International Ltd.,S
209373,Miscellaneous,Syngene International Ltd.,M
209400,Financials,Tamilnad Mercantile Bank Ltd.,S
209420,Technology,Tata Technologies Ltd.,M
209425,Textile,TCNS Clothing Co. Ltd.,S
209521,Miscellaneous,Updater Services Ltd.,S
209532,Miscellaneous,VA Tech Wabag Ltd.,S
209550,FMCG,Varun Beverages Ltd.,L
209867,Energy,Adani Power Ltd.,L
209967,Media and Communications,Indus Towers Ltd.,M
209979,Financials,Aditya Birla Sun Life AMC Ltd.,S
210036,Technology,Computer Age Management Services Ltd.,S
210072,Consumer Durables,Dixon Technologies (India) Ltd.,M
210174,Financials,General Insurance Corporation of India,M
210217,Healthcare,Healthcare Global Enterprises Ltd.,S
210258,Financials,ICICI Prudential Life Insurance Company Ltd.,L
210481,Chemicals,Epigral Ltd.,S
210591,Retail and Other Services,Aditya Birla Fashion and Retail Ltd.,S
210729,Miscellaneous,SIS Ltd.,S
210859,Consumer Durables,Tejas Networks Ltd.,S
211130,Automobile and Ancillaries,GNA Axles Ltd.,S
211531,Miscellaneous,Just Dial Ltd.,S
211840,Healthcare,Mankind Pharma Ltd.,L
212705,Capital Goods,Bharat Dynamics Ltd.,S
213133,Chemicals,Fineotex Chemical Ltd.,S
213429,Travel,Lemon Tree Hotels Ltd.,S
213488,Textile,Lux Industries Ltd.,S
213597,Automobile and Ancillaries,Minda Corporation Ltd.,S
213672,Technology,Newgen Software Technologies Ltd.,S
214084,Automobile and Ancillaries,Sansera Engineering Ltd.,S
215690,Metals,Gravita India Ltd.,S
215739,Media and Communications,Hathway Cable & Datacom Ltd.,S
216147,Construction,Nuvoco Vistas Corporation Ltd.,S
216369,Energy,NHPC Ltd.,M
216564,Consumer Durables,Prince Pipes and Fittings Ltd.,S
217376,Financials,Life Insurance Corporation of India,L
217582,Metals,Indian Metals & Ferro Alloys Ltd.,S
217757,Financials,PNB Housing Finance Ltd.,S
217842,FMCG,Godrej Agrovet Ltd.,S
218067,Logistics,Mahindra Logistics Ltd.,S
218071,Healthcare,Max Healthcare Institute Ltd.,M
218761,Consumer Durables,Mold-Tek Packaging Ltd.,S
218764,Healthcare,Thyrocare Technologies Ltd.,S
218933,Energy,RattanIndia Power Ltd.,S
219237,Media and Communications,Den Networks Ltd.,S
219492,Construction,DB Realty Ltd.,S
219691,Automobile and Ancillaries,Cochin Shipyard Ltd.,S
219700,Automobile and Ancillaries,Mazagon Dock Shipbuilders Ltd.,M
220053,Energy,KIOCL Ltd.,S
220350,Financials,L&T Finance Holdings Ltd.,M
220512,Energy,SJVN Ltd.,M
220527,Financials,Spandana Sphoorty Financial Ltd.,S
220741,Financials,Indiabulls Housing Finance Ltd.,S
221083,Logistics,Gateway Distriparks Ltd.,S
221194,Miscellaneous,TeamLease Services Ltd.,S
221217,Retail and Other Services,Wonderla Holidays Ltd.,S
221267,Financials,Fedbank Financial Services Ltd,S
221363,Textile,Rupa & Company Ltd.,S
221554,Travel,Yatra Online Ltd,S
221645,Healthcare,Krishna Institute of Medical Sciences Ltd,S
221680,Healthcare,Brooks Laboratories Ltd.,S
221790,Financials,Muthoot Finance Ltd.,M
221959,FMCG,Sula Vineyards Ltd.,S
222055,Travel,Interglobe Aviation Ltd.,L
222255,Healthcare,Eris Lifesciences Ltd.,S
222671,Financials,Ujjivan Financial Services Ltd.,S
222822,Automobile and Ancillaries,Texmaco Rail & Engineering Ltd.,S
223187,Capital Goods,Kaynes Technology India Ltd.,S
223397,Consumer Durables,Stove Kraft Ltd.,S
223788,Retail and Other Services,Ethos Ltd.,S
224623,Energy,Indian Energy Exchange Ltd.,S
224849,Healthcare,Alembic Pharmaceuticals Ltd.,S
224880,Technology,NIIT Learning Systems Ltd. ,S
225154,Consumer Durables,Amber Enterprises India Ltd.,S
226076,Capital Goods,Triveni Turbine Ltd.,S
226328,Chemicals,Anupam Rasayan India Ltd.,S
226480,Construction,Dilip Buildcon Ltd.,S
226625,Financials,MAS Financial Services Ltd.,S
226627,Chemicals,Sharda Cropchem Ltd.,S
227331,Healthcare,Supriya Lifescience Ltd.,S
227347,Miscellaneous,Care Ratings Ltd.,S
228011,Construction,Arvind Smartspaces Ltd.,S
228347,Energy,Adani Total Gas Ltd.,L
228974,Financials,360 One Wam Ltd.,S
229238,Technology,Affle (India) Ltd.,S
229365,Financials,JIO Financial Services Ltd.,L
229820,Capital Goods,Schneider Electric Infrastructure Ltd.,S
229901,Miscellaneous,RattanIndia Enterprises Ltd.,S
232353,Capital Goods,RHI Magnesita India Ltd.,S
232592,Miscellaneous,Latent View Analytics Ltd.,S
232604,Healthcare,Medplus Health Services Ltd.,S
235506,Healthcare,Metropolis Healthcare Ltd.,S
235668,Technology,eMudhra Ltd.,S
235955,Financials,Home First Finance Company India Ltd.,S
236257,Healthcare,Artemis Medicare Services Ltd.,S
237191,Retail and Other Services,V-Mart Retail Ltd.,S
237594,Metals,JTL Industries Ltd,S
241159,Chemicals,Neogen Chemicals Ltd.,S
242153,Consumer Durables,Eureka Forbes Ltd.,S
242461,Financials,Aditya Birla Capital Ltd.,M
242477,Construction,Orient Cement Ltd.,S
244937,Automobile and Ancillaries,PTC Industries Ltd.,S
249927,Energy,Gujarat Gas Ltd.,M
251791,Financials,Aptus Value Housing Finance India Ltd.,S
252076,Infrastructure,Power Mech Projects Ltd.,S
252306,Retail and Other Services,Zomato Ltd.,L
254493,Financials,PB Fintech Ltd.,M
266384,Textile,PDS Ltd.,S
267389,Technology,Quess Corp Ltd.,S
267465,Metals,Shyam Metalics And Energy Ltd.,S
267615,Financials,Aavas Financiers Ltd.,S
268618,Technology,L&T Technology Services Ltd.,M
271581,Technology,Intellect Design Arena Ltd.,S
271867,Healthcare,Laurus Labs Ltd.,S
271875,Energy,Adani Energy Solutions Ltd.,L
272156,Construction,Greenlam Industries Ltd.,S
273033,Financials,Equitas Small Finance Bank Ltd.,S
273198,Technology,Route Mobile Ltd.,S
274045,Healthcare,Rainbow Children's Medicare Ltd.,S
275070,Financials,Infibeam Avenues Ltd.,S
277614,Healthcare,Jupiter Life Line Hospitals Ltd.,S
278701,Financials,Five-Star Business Finance Ltd.,S
279527,Financials,Bandhan Bank Ltd.,M
281585,Miscellaneous,BLS International Services Ltd.,S
282112,Capital Goods,Lloyds Engineering Works Ltd.,S
283206,Retail and Other Services,Aditya Vision Ltd.,S
284232,Technology,Happiest Minds Technologies Ltd.,S
284503,Automobile and Ancillaries,ASK Automotive Ltd.,S
284650,Automobile and Ancillaries,Pricol Ltd.,S
286335,Financials,AU Small Finance Bank Ltd.,M
287141,Financials,Share India Securities Ltd.,S
287199,Automobile and Ancillaries,Gandhar Oil Refinery (India) Ltd.,S
287237,Financials,Ujjivan Small Finance Bank Ltd.,S
289108,Logistics,Delhivery Ltd.,M
289554,Energy,Adani Green Energy Ltd.,L
289644,Miscellaneous,Rajnish Wellness Ltd.,S
290269,Retail and Other Services,Indiamart Intermesh Ltd.,S
292711,FMCG,Flair Writing Industries Ltd.,S
293380,Construction,Dalmia Bharat Ltd.,M
295732,Construction,Greenpanel Industries Ltd.,S
295768,Financials,CSB Bank Ltd.,S
295872,Chemicals,Gujarat Fluorochemicals Ltd.,M
295873,Consumer Durables,Hindware Home Innovation Ltd.,S
296057,Construction,Hemisphere Properties India Ltd.,S
296479,Travel,Easy Trip Planners Ltd.,S
296765,Capital Goods,Hitachi Energy India Ltd.,S
297629,Healthcare,Suven Pharmaceuticals Ltd.,S
299229,Consumer Durables,Borosil Ltd.,S
301578,Chemicals,Jubilant Ingrevia Ltd.,S
301603,Capital Goods,Paras Defence And Space Technologies Ltd.,S
301987,Healthcare,Glenmark Life Sciences Ltd.,S
302222,Chemicals,Meghmani Organics Ltd.,S
302830,Chemicals,HP Adhesives Ltd.,S
302921,Automobile and Ancillaries,SJS Enterprises Ltd.,S
303157,Technology,RateGain Travel Technologies Ltd.,S
303180,Financials,Prudent Corporate Advisory Services Ltd.,S
303575,Retail and Other Services,Electronics Mart India Ltd.,S
304701,FMCG,Campus Activewear Ltd.,S
305057,Miscellaneous,Dreamfolks Services Ltd.,S
305788,Healthcare,Yatharth Hospital & Trauma Care Services Ltd.,S
305814,Capital Goods,DCX Systems Ltd.,S
307329,Healthcare,Blue Jet Healthcare Ltd.,S
307332,Healthcare,Piramal Pharma Ltd.,S
308582,Energy,IRM Energy Ltd.,S
308764,Miscellaneous,Honasa Consumer Ltd.,S
310018,Consumer Durables,Netweb Technologies India Ltd.,S
311589,Retail and Other Services,Redtape Ltd.,S
311653,FMCG,Cello World Ltd.,S
